,rank,text,text2,text3_lowercase,count_text,lat,lon,path_ID,path_start_end
0,0,Es,war,es,28,,,,
1,1,war,einmal,war,21,,,,
2,2,einmal,ein,einmal,1,,,,
3,3,ein,kleiner,ein,17,,,,
4,4,kleiner,Junge,kleiner,2,,,,
5,5,Junge,der,junge,4,,,,
6,6,der,hieß,der,53,,,,
7,7,hieß,Thomas,hieß,1,,,,
8,8,Thomas,Dem,thomas,7,,,,
9,9,Dem,hatten,dem,11,,,,
10,10,hatten,seine,hatten,1,,,,
11,11,seine,Großeltern,seine,4,,,,
12,12,Großeltern,zum,großeltern,1,,,,
13,13,zum,ersten,zum,1,,,,
14,14,ersten,Weihnachtsfest,ersten,1,,,,
15,15,Weihnachtsfest,einen,weihnachtsfest,1,,,,
16,16,einen,kleinen,einen,8,,,,
17,17,kleinen,Hund,kleinen,3,,,,
18,18,Hund,aus,hund,15,,,,
19,19,aus,schwarzem,aus,2,,,,
20,20,schwarzem,Plüsch,schwarzem,1,,,,
21,21,Plüsch,geschenkt,plüsch,1,,,,
22,22,geschenkt,mit,geschenkt,1,,,,
23,23,mit,Hängeohren,mit,9,,,,
24,24,Hängeohren,und,hängeohren,1,,,,
25,25,und,frechen,und,40,,,,
26,26,frechen,braunen,frechen,1,,,,
27,27,braunen,Augen,braunen,1,,,,
28,28,Augen,eine,augen,1,,,,
29,29,eine,Art,eine,10,,,,
30,30,Art,Dackeltier,art,1,,,,
31,31,Dackeltier,aber,dackeltier,1,,,,
32,32,aber,auf,aber,10,,,,
33,33,auf,Rädern,auf,17,,,,
34,34,Rädern,Und,rädern,1,,,,
35,35,Und,da,und,40,,,,
36,36,da,die,da,8,,,,
37,37,die,Achsen,die,23,,,,
38,38,Achsen,dieser,achsen,1,,,,
39,39,dieser,Räder,dieser,2,,,,
40,40,Räder,nicht,räder,1,,,,
41,41,nicht,im,nicht,12,,,,
42,42,im,Mittelpunkt,im,6,,,,
43,43,Mittelpunkt,saßen,mittelpunkt,1,,,,
44,44,saßen,sondern,saßen,2,,,,
45,45,sondern,seitlich,sondern,4,,,,
46,46,seitlich,hoppelte,seitlich,1,,,,
47,47,hoppelte,und,hoppelte,2,,,,
48,48,und,wogte,und,40,,,,
49,49,wogte,das,wogte,1,,,,
50,50,das,schwarze,das,24,,,,
51,51,schwarze,Stoffgeschöpf,schwarze,1,,,,
52,52,Stoffgeschöpf,auf,stoffgeschöpf,1,,,,
53,53,auf,und,auf,17,,,,
54,54,und,nieder,und,40,,,,
55,55,nieder,als,nieder,1,,,,
56,56,als,haste,als,5,,,,
57,57,haste,es,haste,1,,,,
58,58,es,wild,es,28,,,,
59,59,wild,und,wild,1,,,,
60,60,und,über,und,40,,,,
61,61,über,alle,über,5,,,,
62,62,alle,Kraft,alle,2,,,,
63,63,Kraft,imaginären,kraft,1,,,,
64,64,imaginären,Hasen,imaginären,1,,,,
65,65,Hasen,nach,hasen,1,,,,
66,66,nach,Darum,nach,7,,,,
67,67,Darum,taufte,darum,1,,,,
68,68,taufte,der,taufte,1,,,,
69,69,der,Vater,der,53,,,,
70,70,Vater,den,vater,18,,,,
71,71,den,Hund,den,26,,,,
72,72,Hund,Hoppelpoppel,hund,15,,,,
73,73,Hoppelpoppel,und,hoppelpoppel,27,,,,
74,74,und,als,und,40,,,,
75,75,als,Thomas,als,5,,,,
76,76,Thomas,etwas,thomas,7,,,,
77,77,etwas,älter,etwas,3,,,,
78,78,älter,geworden,älter,1,,,,
79,79,geworden,war,geworden,1,,,,
80,80,war,und,war,21,,,,
81,81,und,sprechen,und,40,,,,
82,82,sprechen,konnte,sprechen,1,,,,
83,83,konnte,genehmigte,konnte,2,,,,
84,84,genehmigte,auch,genehmigte,1,,,,
85,85,auch,er,auch,9,,,,
86,86,er,diesen,er,37,,,,
87,87,diesen,Namen,diesen,1,,,,
88,88,Namen,Er,namen,1,,,,
89,89,Er,liebte,er,37,,,,
90,90,liebte,den,liebte,1,,,,
91,91,den,Hund,den,26,,,,
92,92,Hund,sehr,hund,15,,,,
93,93,sehr,immer,sehr,4,,,,
94,94,immer,mußte,immer,1,,,,
95,95,mußte,er,mußte,3,,,,
96,96,er,bei,er,37,,,,
97,97,bei,ihm,bei,3,,,,
98,98,ihm,sein,ihm,2,,,,
99,99,sein,auch,sein,4,,,,
100,100,auch,im,auch,9,,,,
101,101,im,Schlaf,im,6,,,,
102,102,Schlaf,durfte,schlaf,2,,,,
103,103,durfte,er,durfte,1,,,,
104,104,er,ihn,er,37,,,,
105,105,ihn,nicht,ihn,6,,,,
106,106,nicht,verlassen,nicht,12,,,,
107,107,verlassen,und,verlassen,1,,,,
108,108,und,er,und,40,,,,
109,109,er,wachte,er,37,,,,
110,110,wachte,sehr,wachte,1,,,,
111,111,sehr,genau,sehr,4,,,,
112,112,genau,darüber,genau,3,,,,
113,113,darüber,daß,darüber,1,,,,
114,114,daß,die,daß,5,,,,
115,115,die,Eltern,die,23,,,,
116,116,Eltern,nicht,eltern,4,,,,
117,117,nicht,nur,nicht,12,,,,
118,118,nur,ihrem,nur,4,,,,
119,119,ihrem,Sohn,ihrem,1,,,,
120,120,Sohn,sondern,sohn,2,,,,
121,121,sondern,auch,sondern,4,,,,
122,122,auch,dem,auch,9,,,,
123,123,dem,Hoppelpoppel,dem,11,,,,
124,124,Hoppelpoppel,gute,hoppelpoppel,27,,,,
125,125,gute,Nacht,gute,2,,,,
126,126,Nacht,sagten,nacht,2,,,,
127,127,sagten,Es,sagten,1,,,,
128,128,Es,war,es,28,,,,
129,129,war,eben,war,21,,,,
130,130,eben,eine,eben,1,,,,
131,131,eine,richtige,eine,10,,,,
132,132,richtige,Liebe,richtige,1,,,,
133,133,Liebe,Nun,liebe,1,,,,
134,134,Nun,geschah,nun,7,,,,
135,135,geschah,es,geschah,1,,,,
136,136,es,daß,es,28,,,,
137,137,daß,Toms,daß,5,,,,
138,138,Toms,Eltern,toms,1,,,,
139,139,Eltern,an,eltern,4,,,,
140,140,an,einen,an,7,,,,
141,141,einen,neuen,einen,8,,,,
142,142,neuen,Wohnsitz,neuen,3,,,,
143,143,Wohnsitz,verzogen,wohnsitz,1,,,,
144,144,verzogen,weit,verzogen,1,,,,
145,145,weit,weit,weit,4,,,,
146,146,weit,weg,weit,4,,,,
147,147,weg,Der,weg,1,,,,
148,148,Der,kleine,der,53,,,,
149,149,kleine,Thomas,kleine,7,,,,
150,150,Thomas,blieb,thomas,7,,,,
151,151,blieb,während,blieb,2,,,,
152,152,während,der,während,1,,,,
153,153,der,Umzugstage,der,53,,,,
154,154,Umzugstage,bei,umzugstage,1,,,,
155,155,bei,der,bei,3,,,,
156,156,der,guten,der,53,,,,
157,157,guten,Tante,guten,1,,,,
158,158,Tante,Kunjä,tante,4,,,,
159,159,Kunjä,und,kunjä,4,,,,
160,160,und,mit,und,40,,,,
161,161,mit,ihm,mit,9,,,,
162,162,ihm,natürlich,ihm,2,,,,
163,163,natürlich,Hoppelpoppel,natürlich,2,,,,
164,164,Hoppelpoppel,wie,hoppelpoppel,27,,,,
165,165,wie,hätte,wie,3,,,,
166,166,hätte,Tom,hätte,2,,,,
167,167,Tom,sonst,tom,6,,,,
168,168,sonst,bei,sonst,1,,,,
169,169,bei,Tante,bei,3,,,,
170,170,Tante,Kunjä,tante,4,,,,
171,171,Kunjä,schlafen,kunjä,4,,,,
172,172,schlafen,können,schlafen,5,,,,
173,173,können,Nach,können,1,,,,
174,174,Nach,einer,nach,7,,,,
175,175,einer,Weile,einer,2,,,,
176,176,Weile,war,weile,2,,,,
177,177,war,es,war,21,,,,
178,178,es,dann,es,28,,,,
179,179,dann,soweit,dann,8,,,,
180,180,soweit,Tante,soweit,1,,,,
181,181,Tante,Kunjä,tante,4,,,,
182,182,Kunjä,fuhr,kunjä,4,,,,
183,183,fuhr,mit,fuhr,5,,,,
184,184,mit,Tom,mit,9,,,,
185,185,Tom,und,tom,6,,,,
186,186,und,dem,und,40,,,,
187,187,dem,Hund,dem,11,,,,
188,188,Hund,nach,hund,15,,,,
189,189,nach,dem,nach,7,,,,
190,190,dem,neuen,dem,11,,,,
191,191,neuen,Häuserchen,neuen,3,,,,
192,192,Häuserchen,Auf,häuserchen,3,,,,
193,193,Auf,dem,auf,17,,,,
194,194,dem,Bahnhof,dem,11,,,,
195,195,Bahnhof,erwartete,bahnhof,1,,,,
196,196,erwartete,sie,erwartete,1,,,,
197,197,sie,der,sie,6,,,,
198,198,der,Vater,der,53,,,,
199,199,Vater,und,vater,18,,,,
200,200,und,der,und,40,,,,
201,201,der,kleine,der,53,,,,
202,202,kleine,Tom,kleine,7,,,,
203,203,Tom,war,tom,6,,,,
204,204,war,so,war,21,,,,
205,205,so,selig,so,6,,,,
206,206,selig,und,selig,3,,,,
207,207,und,verlegen,und,40,,,,
208,208,verlegen,über,verlegen,1,,,,
209,209,über,dies,über,5,,,,
210,210,dies,Wiedersehen,dies,1,,,,
211,211,Wiedersehen,daß,wiedersehen,1,,,,
212,212,daß,er,daß,5,,,,
213,213,er,schnurstracks,er,37,,,,
214,214,schnurstracks,seinen,schnurstracks,1,,,,
215,215,seinen,Kopf,seinen,3,,,,
216,216,Kopf,durch,kopf,1,,,,
217,217,durch,des,durch,4,,,,
218,218,des,Vaters,des,3,,,,
219,219,Vaters,Beine,vaters,2,,,,
220,220,Beine,steckte,beine,1,,,,
221,221,steckte,und,steckte,1,,,,
222,222,und,so,und,40,,,,
223,223,so,den,so,6,,,,
224,224,den,abfahrenden,den,26,,,,
225,225,abfahrenden,Zug,abfahrenden,1,,,,
226,226,Zug,betrachtete,zug,6,,,,
227,227,betrachtete,Dann,betrachtete,1,,,,
228,228,Dann,gingen,dann,8,,,,
229,229,gingen,die,gingen,2,,,,
230,230,die,drei,die,23,,,,
231,231,drei,Hand,drei,2,,,,
232,232,Hand,in,hand,4,,,,
233,233,in,Hand,in,6,,,,
234,234,Hand,durch,hand,4,,,,
235,235,durch,den,durch,4,,,,
236,236,den,Wald,den,26,,,,
237,237,Wald,zur,wald,2,,,,
238,238,zur,Mummi,zur,3,,,,
239,239,Mummi,ins,mummi,5,,,,
240,240,ins,neue,ins,4,,,,
241,241,neue,Häuserchen,neue,3,,,,
242,242,Häuserchen,und,häuserchen,3,,,,
243,243,und,da,und,40,,,,
244,244,da,kam,da,8,,,,
245,245,kam,plötzlich,kam,5,,,,
246,246,plötzlich,ein,plötzlich,3,,,,
247,247,ein,Augenblick,ein,17,,,,
248,248,Augenblick,da,augenblick,2,,,,
249,249,da,Tante,da,8,,,,
250,250,Tante,Kunjä,tante,4,,,,
251,251,Kunjä,angedonnert,kunjä,4,,,,
252,252,angedonnert,stehenblieb,angedonnert,1,,,,
253,253,stehenblieb,O,stehenblieb,1,,,,
254,254,O,Gott,o,1,,,,
255,255,Gott,habe,gott,1,,,,
256,256,habe,ich,habe,2,,,,
257,257,ich,nun,ich,6,,,,
258,258,nun,doch,nun,7,,,,
259,259,doch,den,doch,6,,,,
260,260,den,Hoppelpoppel,den,26,,,,
261,261,Hoppelpoppel,in,hoppelpoppel,27,,,,
262,262,in,der,in,6,,,,
263,263,der,Bahn,der,53,,,,
264,264,Bahn,liegengelassen,bahn,2,,,,
265,265,liegengelassen,Der,liegengelassen,1,,,,
266,266,Der,Vater,der,53,,,,
267,267,Vater,machte,vater,18,,,,
268,268,machte,rasch,machte,4,,,,
269,269,rasch,eine,rasch,1,,,,
270,270,eine,Kopfbewegung,eine,10,,,,
271,271,Kopfbewegung,und,kopfbewegung,1,,,,
272,272,und,sagte,und,40,,,,
273,273,sagte,Still,sagte,16,,,,
274,274,Still,Still,still,2,,,,
275,275,Still,Hier,still,2,,,,
276,276,Hier,hat,hier,2,,,,
277,277,hat,der,hat,2,,,,
278,278,der,Herr,der,53,,,,
279,279,Herr,so,herr,2,,,,
280,280,so,viel,so,6,,,,
281,281,viel,neue,viel,3,,,,
282,282,neue,Eindrücke,neue,3,,,,
283,283,Eindrücke,daß,eindrücke,1,,,,
284,284,daß,er,daß,5,,,,
285,285,er,ihn,er,37,,,,
286,286,ihn,einfach,ihn,6,,,,
287,287,einfach,vergißt,einfach,1,,,,
288,288,vergißt,Tom,vergißt,1,,,,
289,289,Tom,sagte,tom,6,,,,
290,290,sagte,noch,sagte,16,,,,
291,291,noch,gar,noch,5,,,,
292,292,gar,nichts,gar,2,,,,
293,293,nichts,Er,nichts,4,,,,
294,294,Er,marschierte,er,37,,,,
295,295,marschierte,stramm,marschierte,1,,,,
296,296,stramm,auf,stramm,1,,,,
297,297,auf,seinen,auf,17,,,,
298,298,seinen,Beinchen,seinen,3,,,,
299,299,Beinchen,zwischen,beinchen,1,,,,
300,300,zwischen,den,zwischen,1,,,,
301,301,den,beiden,den,26,,,,
302,302,beiden,Großen,beiden,1,,,,
303,303,Großen,und,großen,1,,,,
304,304,und,sah,und,40,,,,
305,305,sah,die,sah,5,,,,
306,306,die,herrlich,die,23,,,,
307,307,herrlich,hohen,herrlich,1,,,,
308,308,hohen,Bäume,hohen,1,,,,
309,309,Bäume,mit,bäume,1,,,,
310,310,mit,den,mit,9,,,,
311,311,den,Pieksenadeln,den,26,,,,
312,312,Pieksenadeln,an,pieksenadeln,1,,,,
313,313,an,Dann,an,7,,,,
314,314,Dann,kam,dann,8,,,,
315,315,kam,ein,kam,5,,,,
316,316,ein,Zwinger,ein,17,,,,
317,317,Zwinger,mit,zwinger,2,,,,
318,318,mit,einem,mit,9,,,,
319,319,einem,Hund,einem,2,,,,
320,320,Hund,und,hund,15,,,,
321,321,und,nun,und,40,,,,
322,322,nun,stand,nun,7,,,,
323,323,stand,die,stand,4,,,,
324,324,die,Mummi,die,23,,,,
325,325,Mummi,unten,mummi,5,,,,
326,326,unten,auf,unten,2,,,,
327,327,auf,einer,auf,17,,,,
328,328,einer,Treppe,einer,2,,,,
329,329,Treppe,und,treppe,2,,,,
330,330,und,hielt,und,40,,,,
331,331,hielt,die,hielt,5,,,,
332,332,die,Arme,die,23,,,,
333,333,Arme,weit,arme,1,,,,
334,334,weit,auf,weit,4,,,,
335,335,auf,Sie,auf,17,,,,
336,336,Sie,gingen,sie,6,,,,
337,337,gingen,durch,gingen,2,,,,
338,338,durch,eine,durch,4,,,,
339,339,eine,große,eine,10,,,,
340,340,große,Tür,große,1,,,,
341,341,Tür,auf,tür,5,,,,
342,342,auf,einen,auf,17,,,,
343,343,einen,weiten,einen,8,,,,
344,344,weiten,Balkon,weiten,1,,,,
345,345,Balkon,und,balkon,1,,,,
346,346,und,plötzlich,und,40,,,,
347,347,plötzlich,war,plötzlich,3,,,,
348,348,war,da,war,21,,,,
349,349,da,unten,da,8,,,,
350,350,unten,ein,unten,2,,,,
351,351,ein,langes,ein,17,,,,
352,352,langes,langes,langes,2,,,,
353,353,langes,Wasser,langes,2,,,,
354,354,Wasser,und,wasser,2,,,,
355,355,und,ein,und,40,,,,
356,356,ein,Dampfer,ein,17,,,,
357,357,Dampfer,kam,dampfer,2,,,,
358,358,kam,um,kam,5,,,,
359,359,um,die,um,1,,,,
360,360,die,Waldecke,die,23,,,,
361,361,Waldecke,und,waldecke,1,,,,
362,362,und,ein,und,40,,,,
363,363,ein,Kahn,ein,17,,,,
364,364,Kahn,zwei,kahn,1,,,,
365,365,zwei,Kähne,zwei,2,,,,
366,366,Kähne,viele,kähne,2,,,,
367,367,viele,Kähne,viele,3,,,,
368,368,Kähne,Es,kähne,2,,,,
369,369,Es,wurde,es,28,,,,
370,370,wurde,Abend,wurde,4,,,,
371,371,Abend,und,abend,2,,,,
372,372,und,der,und,40,,,,
373,373,der,kleine,der,53,,,,
374,374,kleine,Junge,kleine,7,,,,
375,375,Junge,mußte,junge,4,,,,
376,376,mußte,ins,mußte,3,,,,
377,377,ins,Bett,ins,4,,,,
378,378,Bett,Er,bett,2,,,,
379,379,Er,war,er,37,,,,
380,380,war,müde,war,21,,,,
381,381,müde,und,müde,1,,,,
382,382,und,selig,und,40,,,,
383,383,selig,aufgeregt,selig,3,,,,
384,384,aufgeregt,aber,aufgeregt,1,,,,
385,385,aber,als,aber,10,,,,
386,386,als,ihn,als,5,,,,
387,387,ihn,die,ihn,6,,,,
388,388,die,Mutter,die,23,,,,
389,389,Mutter,über,mutter,6,,,,
390,390,über,die,über,5,,,,
391,391,die,Bettleiter,die,23,,,,
392,392,Bettleiter,hob,bettleiter,1,,,,
393,393,hob,sagte,hob,1,,,,
394,394,sagte,er,sagte,16,,,,
395,395,er,Hoppelpoppel,er,37,,,,
396,396,Hoppelpoppel,Der,hoppelpoppel,27,,,,
397,397,Der,Vater,der,53,,,,
398,398,Vater,sagte,vater,18,,,,
399,399,sagte,ernst,sagte,16,,,,
400,400,ernst,Hoppelpoppel,ernst,2,,,,
401,401,Hoppelpoppel,fährt,hoppelpoppel,27,,,,
402,402,fährt,mit,fährt,2,,,,
403,403,mit,der,mit,9,,,,
404,404,der,Puffbahn,der,53,,,,
405,405,Puffbahn,Thomas,puffbahn,1,,,,
406,406,Thomas,Hoppelpoppel,thomas,7,,,,
407,407,Hoppelpoppel,kommt,hoppelpoppel,27,,,,
408,408,kommt,morgen,kommt,2,,,,
409,409,morgen,Das,morgen,4,,,,
410,410,Das,Kind,das,24,,,,
411,411,Kind,sah,kind,21,,,,
412,412,sah,seine,sah,5,,,,
413,413,seine,Eltern,seine,4,,,,
414,414,Eltern,fragend,eltern,4,,,,
415,415,fragend,an,fragend,1,,,,
416,416,an,erst,an,7,,,,
417,417,erst,sagte,erst,1,,,,
418,418,sagte,es,sagte,16,,,,
419,419,es,nichts,es,28,,,,
420,420,nichts,als,nichts,4,,,,
421,421,als,aber,als,5,,,,
422,422,aber,dann,aber,10,,,,
423,423,dann,das,dann,8,,,,
424,424,das,Licht,das,24,,,,
425,425,Licht,ausgemacht,licht,1,,,,
426,426,ausgemacht,wurde,ausgemacht,1,,,,
427,427,wurde,bat,wurde,4,,,,
428,428,bat,es,bat,1,,,,
429,429,es,wieder,es,28,,,,
430,430,wieder,dringend,wieder,5,,,,
431,431,dringend,Hoppelpoppel,dringend,1,,,,
432,432,Hoppelpoppel,Thomas,hoppelpoppel,27,,,,
433,433,Thomas,muß,thomas,7,,,,
434,434,muß,jetzt,muß,3,,,,
435,435,jetzt,schlafen,jetzt,2,,,,
436,436,schlafen,sagte,schlafen,5,,,,
437,437,sagte,die,sagte,16,,,,
438,438,die,Mutter,die,23,,,,
439,439,Mutter,streng,mutter,6,,,,
440,440,streng,und,streng,1,,,,
441,441,und,machte,und,40,,,,
442,442,machte,die,machte,4,,,,
443,443,die,Tür,die,23,,,,
444,444,Tür,von,tür,5,,,,
445,445,von,außen,von,1,,,,
446,446,außen,zu,außen,1,,,,
447,447,zu,Die,zu,7,,,,
448,448,Die,Eltern,die,23,,,,
449,449,Eltern,standen,eltern,4,,,,
450,450,standen,atemlos,standen,2,,,,
451,451,atemlos,und,atemlos,1,,,,
452,452,und,lauschten,und,40,,,,
453,453,lauschten,Nein,lauschten,1,,,,
454,454,Nein,kein,nein,3,,,,
455,455,kein,Gebrüll,kein,5,,,,
456,456,Gebrüll,kein,gebrüll,2,,,,
457,457,kein,Weinen,kein,5,,,,
458,458,Weinen,sondern,weinen,3,,,,
459,459,sondern,Stille,sondern,4,,,,
460,460,Stille,Er,stille,1,,,,
461,461,Er,wird,er,37,,,,
462,462,wird,sich,wird,3,,,,
463,463,sich,beruhigen,sich,3,,,,
464,464,beruhigen,sagte,beruhigen,1,,,,
465,465,sagte,Mummi,sagte,16,,,,
466,466,Mummi,Aber,mummi,5,,,,
467,467,Aber,besser,aber,10,,,,
468,468,besser,ist,besser,1,,,,
469,469,ist,doch,ist,2,,,,
470,470,doch,du,doch,6,,,,
471,471,du,gehst,du,6,,,,
472,472,gehst,morgen,gehst,1,,,,
473,473,morgen,zur,morgen,4,,,,
474,474,zur,Bahn,zur,3,,,,
475,475,Bahn,und,bahn,2,,,,
476,476,und,machst,und,40,,,,
477,477,machst,eine,machst,1,,,,
478,478,eine,Verlustanzeige,eine,10,,,,
479,479,Verlustanzeige,Schön,verlustanzeige,2,,,,
480,480,Schön,sagte,schön,1,,,,
481,481,sagte,der,sagte,16,,,,
482,482,der,Mann,der,53,,,,
483,483,Mann,Obgleich,mann,7,,,,
484,484,Obgleich,es,obgleich,1,,,,
485,485,es,keinen,es,28,,,,
486,486,keinen,Zweck,keinen,1,,,,
487,487,Zweck,hat,zweck,1,,,,
488,488,hat,Denn,hat,2,,,,
489,489,Denn,der,denn,1,,,,
490,490,der,Zug,der,53,,,,
491,491,Zug,fährt,zug,6,,,,
492,492,fährt,weiter,fährt,2,,,,
493,493,weiter,nach,weiter,1,,,,
494,494,nach,Polen,nach,7,,,,
495,495,Polen,und,polen,1,,,,
496,496,und,die,und,40,,,,
497,497,die,werden,die,23,,,,
498,498,werden,uns,werden,2,,,,
499,499,uns,gerade,uns,1,,,,
500,500,gerade,einen,gerade,1,,,,
501,501,einen,Hoppelpoppel,einen,8,,,,
502,502,Hoppelpoppel,zurückschicken,hoppelpoppel,27,,,,
503,503,zurückschicken,Am,zurückschicken,1,,,,
504,504,Am,nächsten,am,8,,,,
505,505,nächsten,Morgen,nächsten,1,,,,
506,506,Morgen,machte,morgen,4,,,,
507,507,machte,der,machte,4,,,,
508,508,der,Vater,der,53,,,,
509,509,Vater,seine,vater,18,,,,
510,510,seine,Verlustanzeige,seine,4,,,,
511,511,Verlustanzeige,dann,verlustanzeige,2,,,,
512,512,dann,kam,dann,8,,,,
513,513,kam,der,kam,5,,,,
514,514,der,Nachmittagsschlaf,der,53,,,,
515,515,Nachmittagsschlaf,aber,nachmittagsschlaf,2,,,,
516,516,aber,nein,aber,10,,,,
517,517,nein,es,nein,3,,,,
518,518,es,kam,es,28,,,,
519,519,kam,kein,kam,5,,,,
520,520,kein,Nachmittagsschlaf,kein,5,,,,
521,521,Nachmittagsschlaf,Hoppelpoppel,nachmittagsschlaf,2,,,,
522,522,Hoppelpoppel,Hoppelpoppel,hoppelpoppel,27,,,,
523,523,Hoppelpoppel,kommt,hoppelpoppel,27,,,,
524,524,kommt,bald,kommt,2,,,,
525,525,bald,Nun,bald,1,,,,
526,526,Nun,Gleich,nun,7,,,,
527,527,Gleich,Thomas,gleich,1,,,,
528,528,Thomas,muß,thomas,7,,,,
529,529,muß,schlafen,muß,3,,,,
530,530,schlafen,Gebrüll,schlafen,5,,,,
531,531,Gebrüll,Wut,gebrüll,2,,,,
532,532,Wut,Trostlosigkeit,wut,1,,,,
533,533,Trostlosigkeit,Jammer,trostlosigkeit,1,,,,
534,534,Jammer,nur,jammer,1,,,,
535,535,nur,kein,nur,4,,,,
536,536,kein,Schlaf,kein,5,,,,
537,537,Schlaf,Und,schlaf,2,,,,
538,538,Und,am,und,40,,,,
539,539,am,Abend,am,8,,,,
540,540,Abend,dasselbe,abend,2,,,,
541,541,dasselbe,Das,dasselbe,1,,,,
542,542,Das,neue,das,24,,,,
543,543,neue,Häuserchen,neue,3,,,,
544,544,Häuserchen,und,häuserchen,3,,,,
545,545,und,das,und,40,,,,
546,546,das,viele,das,24,,,,
547,547,viele,Wasser,viele,3,,,,
548,548,Wasser,und,wasser,2,,,,
549,549,und,der,und,40,,,,
550,550,der,Garten,der,53,,,,
551,551,Garten,und,garten,1,,,,
552,552,und,der,und,40,,,,
553,553,der,Hund,der,53,,,,
554,554,Hund,im,hund,15,,,,
555,555,im,Zwinger,im,6,,,,
556,556,Zwinger,und,zwinger,2,,,,
557,557,und,die,und,40,,,,
558,558,die,vielen,die,23,,,,
559,559,vielen,Dampfer,vielen,1,,,,
560,560,Dampfer,alles,dampfer,2,,,,
561,561,alles,nichts,alles,3,,,,
562,562,nichts,Hoppelpoppel,nichts,4,,,,
563,563,Hoppelpoppel,lieber,hoppelpoppel,27,,,,
564,564,lieber,Hoppelpoppel,lieber,2,,,,
565,565,Hoppelpoppel,wo,hoppelpoppel,27,,,,
566,566,wo,bist,wo,1,,,,
567,567,bist,du,bist,1,,,,
568,568,du,Hoppelpoppel,du,6,,,,
569,569,Hoppelpoppel,ein,hoppelpoppel,27,,,,
570,570,ein,alberner,ein,17,,,,
571,571,alberner,schwarzer,alberner,1,,,,
572,572,schwarzer,Stoffhund,schwarzer,1,,,,
573,573,Stoffhund,war,stoffhund,2,,,,
574,574,war,eine,war,21,,,,
575,575,eine,finstere,eine,10,,,,
576,576,finstere,Wolke,finstere,1,,,,
577,577,Wolke,am,wolke,1,,,,
578,578,am,Himmel,am,8,,,,
579,579,Himmel,nach,himmel,2,,,,
580,580,nach,drei,nach,7,,,,
581,581,drei,Tagen,drei,2,,,,
582,582,Tagen,überhing,tagen,1,,,,
583,583,überhing,sie,überhing,1,,,,
584,584,sie,alles,sie,6,,,,
585,585,alles,Also,alles,3,,,,
586,586,Also,ich,also,2,,,,
587,587,ich,fahre,ich,6,,,,
588,588,fahre,morgen,fahre,1,,,,
589,589,morgen,nach,morgen,4,,,,
590,590,nach,Berlin,nach,7,,,,
591,591,Berlin,und,berlin,1,,,,
592,592,und,kaufe,und,40,,,,
593,593,kaufe,einen,kaufe,1,,,,
594,594,einen,neuen,einen,8,,,,
595,595,neuen,Hoppelpoppel,neuen,3,,,,
596,596,Hoppelpoppel,sagte,hoppelpoppel,27,,,,
597,597,sagte,der,sagte,16,,,,
598,598,der,Vater,der,53,,,,
599,599,Vater,zur,vater,18,,,,
600,600,zur,Mummi,zur,3,,,,
601,601,Mummi,Vielleicht,mummi,5,,,,
602,602,Vielleicht,kriegst,vielleicht,1,,,,
603,603,kriegst,du,kriegst,1,,,,
604,604,du,solch,du,6,,,,
605,605,solch,einen,solch,1,,,,
606,606,einen,gar,einen,8,,,,
607,607,gar,nicht,gar,2,,,,
608,608,nicht,Soll,nicht,12,,,,
609,609,Soll,das,soll,1,,,,
610,610,das,bitte,das,24,,,,
611,611,bitte,hier,bitte,4,,,,
612,612,hier,so,hier,2,,,,
613,613,so,weitergehen,so,6,,,,
614,614,weitergehen,Der,weitergehen,1,,,,
615,615,Der,Vater,der,53,,,,
616,616,Vater,fuhr,vater,18,,,,
617,617,fuhr,also,fuhr,5,,,,
618,618,also,und,also,2,,,,
619,619,und,schließlich,und,40,,,,
620,620,schließlich,fand,schließlich,3,,,,
621,621,fand,er,fand,2,,,,
622,622,er,auch,er,37,,,,
623,623,auch,seinen,auch,9,,,,
624,624,seinen,Stoffhund,seinen,3,,,,
625,625,Stoffhund,er,stoffhund,2,,,,
626,626,er,fand,er,37,,,,
627,627,fand,genau,fand,2,,,,
628,628,genau,den,genau,3,,,,
629,629,den,Hoppelpoppel,den,26,,,,
630,630,Hoppelpoppel,Er,hoppelpoppel,27,,,,
631,631,Er,war,er,37,,,,
632,632,war,lange,war,21,,,,
633,633,lange,umhergelaufen,lange,1,,,,
634,634,umhergelaufen,er,umhergelaufen,1,,,,
635,635,er,hatte,er,37,,,,
636,636,hatte,viel,hatte,2,,,,
637,637,viel,Fahrgeld,viel,3,,,,
638,638,Fahrgeld,ausgegeben,fahrgeld,1,,,,
639,639,ausgegeben,aber,ausgegeben,1,,,,
640,640,aber,heute,aber,10,,,,
641,641,heute,nacht,heute,1,,,,
642,642,nacht,wird,nacht,2,,,,
643,643,wird,Tom,wird,3,,,,
644,644,Tom,endlich,tom,6,,,,
645,645,endlich,wieder,endlich,1,,,,
646,646,wieder,ruhig,wieder,5,,,,
647,647,ruhig,schlafen,ruhig,1,,,,
648,648,schlafen,Der,schlafen,5,,,,
649,649,Der,Vater,der,53,,,,
650,650,Vater,war,vater,18,,,,
651,651,war,so,war,21,,,,
652,652,so,glücklich,so,6,,,,
653,653,glücklich,über,glücklich,1,,,,
654,654,über,den,über,5,,,,
655,655,den,kleinen,den,26,,,,
656,656,kleinen,Hund,kleinen,3,,,,
657,657,Hund,am,hund,15,,,,
658,658,am,liebsten,am,8,,,,
659,659,liebsten,hätte,liebsten,1,,,,
660,660,hätte,er,hätte,2,,,,
661,661,er,aller,er,37,,,,
662,662,aller,Welt,aller,1,,,,
663,663,Welt,Gutes,welt,3,,,,
664,664,Gutes,getan,gutes,1,,,,
665,665,getan,Da,getan,1,,,,
666,666,Da,war,da,8,,,,
667,667,war,im,war,21,,,,
668,668,im,Abteil,im,6,,,,
669,669,Abteil,ein,abteil,3,,,,
670,670,ein,Kind,ein,17,,,,
671,671,Kind,es,kind,21,,,,
672,672,es,war,es,28,,,,
673,673,war,natürlich,war,21,,,,
674,674,natürlich,kein,natürlich,2,,,,
675,675,kein,Kind,kein,5,,,,
676,676,Kind,wie,kind,21,,,,
677,677,wie,der,wie,3,,,,
678,678,der,Thomas,der,53,,,,
679,679,Thomas,nein,thomas,7,,,,
680,680,nein,sondern,nein,3,,,,
681,681,sondern,ein,sondern,4,,,,
682,682,ein,dunkles,ein,17,,,,
683,683,dunkles,blasses,dunkles,1,,,,
684,684,blasses,Kind,blasses,1,,,,
685,685,Kind,es,kind,21,,,,
686,686,es,war,es,28,,,,
687,687,war,ein,war,21,,,,
688,688,ein,meckriges,ein,17,,,,
689,689,meckriges,Kind,meckriges,1,,,,
690,690,Kind,es,kind,21,,,,
691,691,es,war,es,28,,,,
692,692,war,ein,war,21,,,,
693,693,ein,schwieriges,ein,17,,,,
694,694,schwieriges,störendes,schwieriges,2,,,,
695,695,störendes,Kind,störendes,1,,,,
696,696,Kind,aber,kind,21,,,,
697,697,aber,es,aber,10,,,,
698,698,es,war,es,28,,,,
699,699,war,ein,war,21,,,,
700,700,ein,Kind,ein,17,,,,
701,701,Kind,Es,kind,21,,,,
702,702,Es,saßen,es,28,,,,
703,703,saßen,noch,saßen,2,,,,
704,704,noch,zwei,noch,5,,,,
705,705,zwei,Herren,zwei,2,,,,
706,706,Herren,im,herren,1,,,,
707,707,im,Abteil,im,6,,,,
708,708,Abteil,das,abteil,3,,,,
709,709,das,hielt,das,24,,,,
710,710,hielt,den,hielt,5,,,,
711,711,den,Vater,den,26,,,,
712,712,Vater,nicht,vater,18,,,,
713,713,nicht,ab,nicht,12,,,,
714,714,ab,er,ab,2,,,,
715,715,er,machte,er,37,,,,
716,716,machte,Kuckuck,machte,4,,,,
717,717,Kuckuck,mit,kuckuck,1,,,,
718,718,mit,dem,mit,9,,,,
719,719,dem,Kinde,dem,11,,,,
720,720,Kinde,er,kinde,1,,,,
721,721,er,lenkte,er,37,,,,
722,722,lenkte,es,lenkte,1,,,,
723,723,es,ab,es,28,,,,
724,724,ab,er,ab,2,,,,
725,725,er,half,er,37,,,,
726,726,half,der,half,1,,,,
727,727,der,Mutter,der,53,,,,
728,728,Mutter,so,mutter,6,,,,
729,729,so,gut,so,6,,,,
730,730,gut,er,gut,1,,,,
731,731,er,konnte,er,37,,,,
732,732,konnte,aber,konnte,2,,,,
733,733,aber,es,aber,10,,,,
734,734,es,verschlug,es,28,,,,
735,735,verschlug,nichts,verschlug,1,,,,
736,736,nichts,es,nichts,4,,,,
737,737,es,blieb,es,28,,,,
738,738,blieb,ein,blieb,2,,,,
739,739,ein,schwieriges,ein,17,,,,
740,740,schwieriges,Kind,schwieriges,2,,,,
741,741,Kind,Der,kind,21,,,,
742,742,Der,Vater,der,53,,,,
743,743,Vater,nahm,vater,18,,,,
744,744,nahm,aus,nahm,2,,,,
745,745,aus,dem,aus,2,,,,
746,746,dem,Netz,dem,11,,,,
747,747,Netz,das,netz,1,,,,
748,748,das,kleine,das,24,,,,
749,749,kleine,braune,kleine,7,,,,
750,750,braune,Paket,braune,2,,,,
751,751,Paket,das,paket,2,,,,
752,752,das,Kind,das,24,,,,
753,753,Kind,sah,kind,21,,,,
754,754,sah,zu,sah,5,,,,
755,755,zu,Er,zu,7,,,,
756,756,Er,schnürte,er,37,,,,
757,757,schnürte,langsam,schnürte,1,,,,
758,758,langsam,das,langsam,4,,,,
759,759,das,Paket,das,24,,,,
760,760,Paket,auf,paket,2,,,,
761,761,auf,das,auf,17,,,,
762,762,das,Kind,das,24,,,,
763,763,Kind,sah,kind,21,,,,
764,764,sah,genau,sah,5,,,,
765,765,genau,hin,genau,3,,,,
766,766,hin,Was,hin,2,,,,
767,767,Was,da,was,3,,,,
768,768,da,wohl,da,8,,,,
769,769,wohl,drin,wohl,2,,,,
770,770,drin,ist,drin,1,,,,
771,771,ist,Er,ist,2,,,,
772,772,Er,faltete,er,37,,,,
773,773,faltete,das,faltete,1,,,,
774,774,das,Papier,das,24,,,,
775,775,Papier,auf,papier,3,,,,
776,776,auf,ließ,auf,17,,,,
777,777,ließ,ein,ließ,2,,,,
778,778,ein,bißchen,ein,17,,,,
779,779,bißchen,sehen,bißchen,1,,,,
780,780,sehen,mehr,sehen,2,,,,
781,781,mehr,Hoppelpoppel,mehr,1,,,,
782,782,Hoppelpoppel,sagte,hoppelpoppel,27,,,,
783,783,sagte,der,sagte,16,,,,
784,784,der,Vater,der,53,,,,
785,785,Vater,ernst,vater,18,,,,
786,786,ernst,Wauwau,ernst,2,,,,
787,787,Wauwau,antwortete,wauwau,2,,,,
788,788,antwortete,das,antwortete,1,,,,
789,789,das,Kind,das,24,,,,
790,790,Kind,selig,kind,21,,,,
791,791,selig,Es,selig,3,,,,
792,792,Es,wurde,es,28,,,,
793,793,wurde,nun,wurde,4,,,,
794,794,nun,doch,nun,7,,,,
795,795,doch,eine,doch,6,,,,
796,796,eine,sehr,eine,10,,,,
797,797,sehr,gute,sehr,4,,,,
798,798,gute,Bahnfahrt,gute,2,,,,
799,799,Bahnfahrt,Siehe,bahnfahrt,1,,,,
800,800,Siehe,der,siehe,1,,,,
801,801,der,dicke,der,53,,,,
802,802,dicke,brummige,dicke,1,,,,
803,803,brummige,Herr,brummige,1,,,,
804,804,Herr,in,herr,2,,,,
805,805,in,der,in,6,,,,
806,806,der,Ecke,der,53,,,,
807,807,Ecke,war,ecke,1,,,,
808,808,war,ein,war,21,,,,
809,809,ein,rechter,ein,17,,,,
810,810,rechter,Großvater,rechter,1,,,,
811,811,Großvater,er,großvater,1,,,,
812,812,er,zog,er,37,,,,
813,813,zog,den,zog,3,,,,
814,814,den,Hoppelpoppel,den,26,,,,
815,815,Hoppelpoppel,auf,hoppelpoppel,27,,,,
816,816,auf,der,auf,17,,,,
817,817,der,leeren,der,53,,,,
818,818,leeren,Bank,leeren,1,,,,
819,819,Bank,zu,bank,1,,,,
820,820,zu,sich,zu,7,,,,
821,821,sich,hin,sich,3,,,,
822,822,hin,Hoppelpoppel,hin,2,,,,
823,823,Hoppelpoppel,hoppelte,hoppelpoppel,27,,,,
824,824,hoppelte,Der,hoppelte,2,,,,
825,825,Der,Vater,der,53,,,,
826,826,Vater,zog,vater,18,,,,
827,827,zog,ihn,zog,3,,,,
828,828,ihn,am,ihn,6,,,,
829,829,am,Schwanz,am,8,,,,
830,830,Schwanz,zurück,schwanz,1,,,,
831,831,zurück,Das,zurück,1,,,,
832,832,Das,Kind,das,24,,,,
833,833,Kind,jauchzte,kind,21,,,,
834,834,jauchzte,Manchmal,jauchzte,1,,,,
835,835,Manchmal,ging,manchmal,1,,,,
836,836,ging,eine,ging,4,,,,
837,837,eine,kleine,eine,10,,,,
838,838,kleine,Sorgenwolke,kleine,7,,,,
839,839,Sorgenwolke,über,sorgenwolke,1,,,,
840,840,über,des,über,5,,,,
841,841,des,Vaters,des,3,,,,
842,842,Vaters,Herz,vaters,2,,,,
843,843,Herz,Wie,herz,1,,,,
844,844,Wie,weit,wie,3,,,,
845,845,weit,fahren,weit,4,,,,
846,846,fahren,Sie,fahren,2,,,,
847,847,Sie,fragte,sie,6,,,,
848,848,fragte,er,fragte,1,,,,
849,849,er,die,er,37,,,,
850,850,die,Mutter,die,23,,,,
851,851,Mutter,des,mutter,6,,,,
852,852,des,Kindes,des,3,,,,
853,853,Kindes,Bis,kindes,1,,,,
854,854,Bis,NeuBentschen,bis,2,,,,
855,855,NeuBentschen,Und,neubentschen,1,,,,
856,856,Und,Sie,und,40,,,,
857,857,Sie,Oh,sie,6,,,,
858,858,Oh,ich,oh,1,,,,
859,859,ich,muß,ich,6,,,,
860,860,muß,viel,muß,3,,,,
861,861,viel,früher,viel,3,,,,
862,862,früher,raus,früher,1,,,,
863,863,raus,Ihr,raus,2,,,,
864,864,Ihr,Junge,ihr,1,,,,
865,865,Junge,wird,junge,4,,,,
866,866,wird,ja,wird,3,,,,
867,867,ja,den,ja,4,,,,
868,868,den,Hund,den,26,,,,
869,869,Hund,bis,hund,15,,,,
870,870,bis,dahin,bis,2,,,,
871,871,dahin,überhaben,dahin,1,,,,
872,872,überhaben,Das,überhaben,1,,,,
873,873,Das,weiß,das,24,,,,
874,874,weiß,ich,weiß,1,,,,
875,875,ich,nicht,ich,6,,,,
876,876,nicht,sagte,nicht,12,,,,
877,877,sagte,die,sagte,16,,,,
878,878,die,Frau,die,23,,,,
879,879,Frau,Wenn,frau,1,,,,
880,880,Wenn,er,wenn,3,,,,
881,881,er,was,er,37,,,,
882,882,was,liebt,was,3,,,,
883,883,liebt,dann,liebt,4,,,,
884,884,dann,liebt,dann,8,,,,
885,885,liebt,er,liebt,4,,,,
886,886,er,es,er,37,,,,
887,887,es,auch,es,28,,,,
888,888,auch,richtig,auch,9,,,,
889,889,richtig,Na,richtig,2,,,,
890,890,Na,eine,na,1,,,,
891,891,eine,Weile,eine,10,,,,
892,892,Weile,fahren,weile,2,,,,
893,893,fahren,wir,fahren,2,,,,
894,894,wir,ja,wir,1,,,,
895,895,ja,auch,ja,4,,,,
896,896,auch,noch,auch,9,,,,
897,897,noch,sagte,noch,5,,,,
898,898,sagte,der,sagte,16,,,,
899,899,der,Vater,der,53,,,,
900,900,Vater,nachdenklich,vater,18,,,,
901,901,nachdenklich,und,nachdenklich,1,,,,
902,902,und,ließ,und,40,,,,
903,903,ließ,den,ließ,2,,,,
904,904,den,Hund,den,26,,,,
905,905,Hund,bellen,hund,15,,,,
906,906,bellen,Der,bellen,1,,,,
907,907,Der,Vater,der,53,,,,
908,908,Vater,kramte,vater,18,,,,
909,909,kramte,das,kramte,1,,,,
910,910,das,braune,das,24,,,,
911,911,braune,Papier,braune,2,,,,
912,912,Papier,wieder,papier,3,,,,
913,913,wieder,vor,wieder,5,,,,
914,914,vor,und,vor,1,,,,
915,915,und,den,und,40,,,,
916,916,den,Bindfaden,den,26,,,,
917,917,Bindfaden,Nun,bindfaden,1,,,,
918,918,Nun,paß,nun,7,,,,
919,919,paß,auf,paß,1,,,,
920,920,auf,jetzt,auf,17,,,,
921,921,jetzt,geht,jetzt,2,,,,
922,922,geht,Hoppelpoppel,geht,1,,,,
923,923,Hoppelpoppel,schlafen,hoppelpoppel,27,,,,
924,924,schlafen,Das,schlafen,5,,,,
925,925,Das,Kind,das,24,,,,
926,926,Kind,sah,kind,21,,,,
927,927,sah,aufmerksam,sah,5,,,,
928,928,aufmerksam,zu,aufmerksam,1,,,,
929,929,zu,aber,zu,7,,,,
930,930,aber,dann,aber,10,,,,
931,931,dann,als,dann,8,,,,
932,932,als,der,als,5,,,,
933,933,der,Hund,der,53,,,,
934,934,Hund,im,hund,15,,,,
935,935,im,Papier,im,6,,,,
936,936,Papier,verschwand,papier,3,,,,
937,937,verschwand,fing,verschwand,1,,,,
938,938,fing,es,fing,1,,,,
939,939,es,an,es,28,,,,
940,940,an,zu,an,7,,,,
941,941,zu,weinen,zu,7,,,,
942,942,weinen,Hoppäpoppä,weinen,3,,,,
943,943,Hoppäpoppä,sagte,hoppäpoppä,1,,,,
944,944,sagte,es,sagte,16,,,,
945,945,es,klagend,es,28,,,,
946,946,klagend,Alle,klagend,1,,,,
947,947,Alle,redeten,alle,2,,,,
948,948,redeten,auf,redeten,1,,,,
949,949,auf,das,auf,17,,,,
950,950,das,Kind,das,24,,,,
951,951,Kind,ein,kind,21,,,,
952,952,ein,das,ein,17,,,,
953,953,das,Kind,das,24,,,,
954,954,Kind,weinte,kind,21,,,,
955,955,weinte,stärker,weinte,2,,,,
956,956,stärker,der,stärker,1,,,,
957,957,der,Vater,der,53,,,,
958,958,Vater,sagte,vater,18,,,,
959,959,sagte,Ich,sagte,16,,,,
960,960,Ich,brauche,ich,6,,,,
961,961,brauche,ihn,brauche,1,,,,
962,962,ihn,ja,ihn,6,,,,
963,963,ja,schließlich,ja,4,,,,
964,964,schließlich,nicht,schließlich,3,,,,
965,965,nicht,eingepackt,nicht,12,,,,
966,966,eingepackt,mitzunehmen,eingepackt,1,,,,
967,967,mitzunehmen,er,mitzunehmen,1,,,,
968,968,er,kann,er,37,,,,
969,969,kann,ihn,kann,1,,,,
970,970,ihn,ja,ihn,6,,,,
971,971,ja,noch,ja,4,,,,
972,972,noch,den,noch,5,,,,
973,973,den,Augenblick,den,26,,,,
974,974,Augenblick,halten,augenblick,2,,,,
975,975,halten,Das,halten,1,,,,
976,976,Das,Kind,das,24,,,,
977,977,Kind,nahm,kind,21,,,,
978,978,nahm,den,nahm,2,,,,
979,979,den,Hoppelpoppel,den,26,,,,
980,980,Hoppelpoppel,in,hoppelpoppel,27,,,,
981,981,in,den,in,6,,,,
982,982,den,Arm,den,26,,,,
983,983,Arm,es,arm,1,,,,
984,984,es,lächelte,es,28,,,,
985,985,lächelte,es,lächelte,2,,,,
986,986,es,lächelte,es,28,,,,
987,987,lächelte,lieber,lächelte,2,,,,
988,988,lieber,Himmel,lieber,2,,,,
989,989,Himmel,es,himmel,2,,,,
990,990,es,war,es,28,,,,
991,991,war,doch,war,21,,,,
992,992,doch,ein,doch,6,,,,
993,993,ein,sehr,ein,17,,,,
994,994,sehr,ähnliches,sehr,4,,,,
995,995,ähnliches,Kind,ähnliches,1,,,,
996,996,Kind,Der,kind,21,,,,
997,997,Der,Zug,der,53,,,,
998,998,Zug,fuhr,zug,6,,,,
999,999,fuhr,langsamer,fuhr,5,,,,
1000,1000,langsamer,der,langsamer,1,,,,
1001,1001,der,Zug,der,53,,,,
1002,1002,Zug,hielt,zug,6,,,,
1003,1003,hielt,Nun,hielt,5,,,,
1004,1004,Nun,gib,nun,7,,,,
1005,1005,gib,dem,gib,2,,,,
1006,1006,dem,Onkel,dem,11,,,,
1007,1007,Onkel,den,onkel,1,,,,
1008,1008,den,Hoppelpoppel,den,26,,,,
1009,1009,Hoppelpoppel,Das,hoppelpoppel,27,,,,
1010,1010,Das,Kind,das,24,,,,
1011,1011,Kind,hielt,kind,21,,,,
1012,1012,hielt,den,hielt,5,,,,
1013,1013,den,Hund,den,26,,,,
1014,1014,Hund,fest,hund,15,,,,
1015,1015,fest,Willst,fest,1,,,,
1016,1016,Willst,du,willst,1,,,,
1017,1017,du,wohl,du,6,,,,
1018,1018,wohl,artig,wohl,2,,,,
1019,1019,artig,sein,artig,1,,,,
1020,1020,sein,gibst,sein,4,,,,
1021,1021,gibst,du,gibst,1,,,,
1022,1022,du,Aussteigen,du,6,,,,
1023,1023,Aussteigen,Du,aussteigen,1,,,,
1024,1024,Du,sollst,du,6,,,,
1025,1025,sollst,den,sollst,1,,,,
1026,1026,den,Hund,den,26,,,,
1027,1027,Hund,loslassen,hund,15,,,,
1028,1028,loslassen,Gib,loslassen,1,,,,
1029,1029,Gib,mir,gib,2,,,,
1030,1030,mir,doch,mir,1,,,,
1031,1031,doch,den,doch,6,,,,
1032,1032,den,Wauwau,den,26,,,,
1033,1033,Wauwau,bitte,wauwau,2,,,,
1034,1034,bitte,bitte,bitte,4,,,,
1035,1035,bitte,Ich,bitte,4,,,,
1036,1036,Ich,habe,ich,6,,,,
1037,1037,habe,auch,habe,2,,,,
1038,1038,auch,einen,auch,9,,,,
1039,1039,einen,kleinen,einen,8,,,,
1040,1040,kleinen,Jungen,kleinen,3,,,,
1041,1041,Jungen,Sie,jungen,1,,,,
1042,1042,Sie,wollen,sie,6,,,,
1043,1043,wollen,noch,wollen,1,,,,
1044,1044,noch,raus,noch,5,,,,
1045,1045,raus,Bitte,raus,2,,,,
1046,1046,Bitte,beeilen,bitte,4,,,,
1047,1047,beeilen,Alles,beeilen,1,,,,
1048,1048,Alles,ging,alles,3,,,,
1049,1049,ging,durcheinander,ging,4,,,,
1050,1050,durcheinander,das,durcheinander,1,,,,
1051,1051,das,Kind,das,24,,,,
1052,1052,Kind,weinte,kind,21,,,,
1053,1053,weinte,schmerzlich,weinte,2,,,,
1054,1054,schmerzlich,der,schmerzlich,1,,,,
1055,1055,der,Schaffner,der,53,,,,
1056,1056,Schaffner,schimpfte,schaffner,1,,,,
1057,1057,schimpfte,Eine,schimpfte,1,,,,
1058,1058,Eine,Hand,eine,10,,,,
1059,1059,Hand,es,hand,4,,,,
1060,1060,es,war,es,28,,,,
1061,1061,war,die,war,21,,,,
1062,1062,die,Hand,die,23,,,,
1063,1063,Hand,der,hand,4,,,,
1064,1064,der,Mutter,der,53,,,,
1065,1065,Mutter,riß,mutter,6,,,,
1066,1066,riß,an,riß,2,,,,
1067,1067,an,der,an,7,,,,
1068,1068,der,klammernden,der,53,,,,
1069,1069,klammernden,Kinderhand,klammernden,1,,,,
1070,1070,Kinderhand,das,kinderhand,1,,,,
1071,1071,das,Weinen,das,24,,,,
1072,1072,Weinen,wurde,weinen,3,,,,
1073,1073,wurde,lauter,wurde,4,,,,
1074,1074,lauter,Der,lauter,1,,,,
1075,1075,Der,Vater,der,53,,,,
1076,1076,Vater,stand,vater,18,,,,
1077,1077,stand,draußen,stand,4,,,,
1078,1078,draußen,mit,draußen,1,,,,
1079,1079,mit,seinem,mit,9,,,,
1080,1080,seinem,Hoppelpoppel,seinem,1,,,,
1081,1081,Hoppelpoppel,er,hoppelpoppel,27,,,,
1082,1082,er,dachte,er,37,,,,
1083,1083,dachte,verwirrt,dachte,1,,,,
1084,1084,verwirrt,Wenn,verwirrt,1,,,,
1085,1085,Wenn,er,wenn,3,,,,
1086,1086,er,was,er,37,,,,
1087,1087,was,liebt,was,3,,,,
1088,1088,liebt,dann,liebt,4,,,,
1089,1089,dann,liebt,dann,8,,,,
1090,1090,liebt,er,liebt,4,,,,
1091,1091,er,es,er,37,,,,
1092,1092,es,auch,es,28,,,,
1093,1093,auch,richtig,auch,9,,,,
1094,1094,richtig,Der,richtig,2,,,,
1095,1095,Der,Zug,der,53,,,,
1096,1096,Zug,fuhr,zug,6,,,,
1097,1097,fuhr,an,fuhr,5,,,,
1098,1098,an,der,an,7,,,,
1099,1099,der,Vater,der,53,,,,
1100,1100,Vater,riß,vater,18,,,,
1101,1101,riß,die,riß,2,,,,
1102,1102,die,Tür,die,23,,,,
1103,1103,Tür,wieder,tür,5,,,,
1104,1104,wieder,auf,wieder,5,,,,
1105,1105,auf,warf,auf,17,,,,
1106,1106,warf,den,warf,1,,,,
1107,1107,den,Hund,den,26,,,,
1108,1108,Hund,ins,hund,15,,,,
1109,1109,ins,Abteil,ins,4,,,,
1110,1110,Abteil,Der,abteil,3,,,,
1111,1111,Der,Zug,der,53,,,,
1112,1112,Zug,fuhr,zug,6,,,,
1113,1113,fuhr,schneller,fuhr,5,,,,
1114,1114,schneller,am,schneller,1,,,,
1115,1115,am,Fenster,am,8,,,,
1116,1116,Fenster,waren,fenster,1,,,,
1117,1117,waren,Mutter,waren,1,,,,
1118,1118,Mutter,und,mutter,6,,,,
1119,1119,und,Kind,und,40,,,,
1120,1120,Kind,zu,kind,21,,,,
1121,1121,zu,sehen,zu,7,,,,
1122,1122,sehen,das,sehen,2,,,,
1123,1123,das,Kind,das,24,,,,
1124,1124,Kind,hielt,kind,21,,,,
1125,1125,hielt,den,hielt,5,,,,
1126,1126,den,Hoppelpoppel,den,26,,,,
1127,1127,Hoppelpoppel,Der,hoppelpoppel,27,,,,
1128,1128,Der,Mann,der,53,,,,
1129,1129,Mann,ging,mann,7,,,,
1130,1130,ging,langsam,ging,4,,,,
1131,1131,langsam,durch,langsam,4,,,,
1132,1132,durch,den,durch,4,,,,
1133,1133,den,dunklen,den,26,,,,
1134,1134,dunklen,Wald,dunklen,1,,,,
1135,1135,Wald,nach,wald,2,,,,
1136,1136,nach,Haus,nach,7,,,,
1137,1137,Haus,er,haus,2,,,,
1138,1138,er,hatte,er,37,,,,
1139,1139,hatte,es,hatte,2,,,,
1140,1140,es,nicht,es,28,,,,
1141,1141,nicht,eilig,nicht,12,,,,
1142,1142,eilig,Wenn,eilig,1,,,,
1143,1143,Wenn,er,wenn,3,,,,
1144,1144,er,zu,er,37,,,,
1145,1145,zu,Haus,zu,7,,,,
1146,1146,Haus,ankommen,haus,2,,,,
1147,1147,ankommen,würde,ankommen,1,,,,
1148,1148,würde,würde,würde,3,,,,
1149,1149,würde,sein,würde,3,,,,
1150,1150,sein,Junge,sein,4,,,,
1151,1151,Junge,grade,junge,4,,,,
1152,1152,grade,ins,grade,1,,,,
1153,1153,ins,Bett,ins,4,,,,
1154,1154,Bett,gebracht,bett,2,,,,
1155,1155,gebracht,werden,gebracht,1,,,,
1156,1156,werden,er,werden,2,,,,
1157,1157,er,würde,er,37,,,,
1158,1158,würde,sehnsüchtig,würde,3,,,,
1159,1159,sehnsüchtig,betteln,sehnsüchtig,1,,,,
1160,1160,betteln,Hoppelpoppel,betteln,1,,,,
1161,1161,Hoppelpoppel,Der,hoppelpoppel,27,,,,
1162,1162,Der,Mann,der,53,,,,
1163,1163,Mann,bereute,mann,7,,,,
1164,1164,bereute,nicht,bereute,1,,,,
1165,1165,nicht,der,nicht,12,,,,
1166,1166,der,Mann,der,53,,,,
1167,1167,Mann,schalt,mann,7,,,,
1168,1168,schalt,sich,schalt,1,,,,
1169,1169,sich,nicht,sich,3,,,,
1170,1170,nicht,er,nicht,12,,,,
1171,1171,er,war,er,37,,,,
1172,1172,war,nur,war,21,,,,
1173,1173,nur,traurig,nur,4,,,,
1174,1174,traurig,Irgend,traurig,1,,,,
1175,1175,Irgend,etwas,irgend,2,,,,
1176,1176,etwas,war,etwas,3,,,,
1177,1177,war,nicht,war,21,,,,
1178,1178,nicht,in,nicht,12,,,,
1179,1179,in,Ordnung,in,6,,,,
1180,1180,Ordnung,auf,ordnung,2,,,,
1181,1181,auf,dieser,auf,17,,,,
1182,1182,dieser,Welt,dieser,2,,,,
1183,1183,Welt,irgend,welt,3,,,,
1184,1184,irgend,etwas,irgend,2,,,,
1185,1185,etwas,stimmte,etwas,3,,,,
1186,1186,stimmte,nicht,stimmte,1,,,,
1187,1187,nicht,Dem,nicht,12,,,,
1188,1188,Dem,einen,dem,11,,,,
1189,1189,einen,geben,einen,8,,,,
1190,1190,geben,daß,geben,1,,,,
1191,1191,daß,der,daß,5,,,,
1192,1192,der,andere,der,53,,,,
1193,1193,andere,weint,andere,1,,,,
1194,1194,weint,Der,weint,1,,,,
1195,1195,Der,Mann,der,53,,,,
1196,1196,Mann,schloß,mann,7,,,,
1197,1197,schloß,die,schloß,1,,,,
1198,1198,die,Tür,die,23,,,,
1199,1199,Tür,auf,tür,5,,,,
1200,1200,auf,oben,auf,17,,,,
1201,1201,oben,krähte,oben,1,,,,
1202,1202,krähte,der,krähte,1,,,,
1203,1203,der,Tom,der,53,,,,
1204,1204,Tom,Der,tom,6,,,,
1205,1205,Der,Mann,der,53,,,,
1206,1206,Mann,ging,mann,7,,,,
1207,1207,ging,langsam,ging,4,,,,
1208,1208,langsam,und,langsam,4,,,,
1209,1209,und,leise,und,40,,,,
1210,1210,leise,die,leise,2,,,,
1211,1211,die,Treppe,die,23,,,,
1212,1212,Treppe,hinauf,treppe,2,,,,
1213,1213,hinauf,er,hinauf,1,,,,
1214,1214,er,hing,er,37,,,,
1215,1215,hing,leise,hing,1,,,,
1216,1216,leise,den,leise,2,,,,
1217,1217,den,Mantel,den,26,,,,
1218,1218,Mantel,fort,mantel,1,,,,
1219,1219,fort,er,fort,1,,,,
1220,1220,er,zog,er,37,,,,
1221,1221,zog,seine,zog,3,,,,
1222,1222,seine,Hausschuhe,seine,4,,,,
1223,1223,Hausschuhe,an,hausschuhe,1,,,,
1224,1224,an,schließlich,an,7,,,,
1225,1225,schließlich,mußte,schließlich,3,,,,
1226,1226,mußte,er,mußte,3,,,,
1227,1227,er,doch,er,37,,,,
1228,1228,doch,die,doch,6,,,,
1229,1229,die,Tür,die,23,,,,
1230,1230,Tür,aufmachen,tür,5,,,,
1231,1231,aufmachen,Da,aufmachen,1,,,,
1232,1232,Da,aß,da,8,,,,
1233,1233,aß,sein,aß,1,,,,
1234,1234,sein,kleiner,sein,4,,,,
1235,1235,kleiner,Sohn,kleiner,2,,,,
1236,1236,Sohn,am,sohn,2,,,,
1237,1237,am,Tischchen,am,8,,,,
1238,1238,Tischchen,den,tischchen,2,,,,
1239,1239,den,Haferbrei,den,26,,,,
1240,1240,Haferbrei,und,haferbrei,1,,,,
1241,1241,und,auf,und,40,,,,
1242,1242,auf,dem,auf,17,,,,
1243,1243,dem,Tischchen,dem,11,,,,
1244,1244,Tischchen,stand,tischchen,2,,,,
1245,1245,stand,der,stand,4,,,,
1246,1246,der,Hoppelpoppel,der,53,,,,
1247,1247,Hoppelpoppel,Der,hoppelpoppel,27,,,,
1248,1248,Der,Hoppelpoppel,der,53,,,,
1249,1249,Hoppelpoppel,mit,hoppelpoppel,27,,,,
1250,1250,mit,einem,mit,9,,,,
1251,1251,einem,langen,einem,2,,,,
1252,1252,langen,langen,langen,2,,,,
1253,1253,langen,Zettel,langen,2,,,,
1254,1254,Zettel,am,zettel,2,,,,
1255,1255,am,Hals,am,8,,,,
1256,1256,Hals,Sieh,hals,1,,,,
1257,1257,Sieh,nur,sieh,1,,,,
1258,1258,nur,Mann,nur,4,,,,
1259,1259,Mann,sagte,mann,7,,,,
1260,1260,sagte,die,sagte,16,,,,
1261,1261,die,Mummi,die,23,,,,
1262,1262,Mummi,Auf,mummi,5,,,,
1263,1263,Auf,dem,auf,17,,,,
1264,1264,dem,Zettel,dem,11,,,,
1265,1265,Zettel,standen,zettel,2,,,,
1266,1266,standen,viele,standen,2,,,,
1267,1267,viele,bahnamtliche,viele,3,,,,
1268,1268,bahnamtliche,Vermerke,bahnamtliche,1,,,,
1269,1269,Vermerke,aber,vermerke,1,,,,
1270,1270,aber,da,aber,10,,,,
1271,1271,da,stand,da,8,,,,
1272,1272,stand,auch,stand,4,,,,
1273,1273,auch,Zbaszyn,auch,9,,,,
1274,1274,Zbaszyn,Bentschen,zbaszyn,1,,,,
1275,1275,Bentschen,Kleine,bentschen,1,,,,
1276,1276,Kleine,schwazze,kleine,7,,,,
1277,1277,schwazze,Hund,schwazze,2,,,,
1278,1278,Hund,särr,hund,15,,,,
1279,1279,särr,biese,särr,2,,,,
1280,1280,biese,Beißt,biese,2,,,,
1281,1281,Beißt,Kleine,beißt,1,,,,
1282,1282,Kleine,schwazze,kleine,7,,,,
1283,1283,schwazze,Hund,schwazze,2,,,,
1284,1284,Hund,särr,hund,15,,,,
1285,1285,särr,biese,särr,2,,,,
1286,1286,biese,sagte,biese,2,,,,
1287,1287,sagte,der,sagte,16,,,,
1288,1288,der,Vater,der,53,,,,
1289,1289,Vater,langsam,vater,18,,,,
1290,1290,langsam,Komisch,langsam,4,,,,
1291,1291,Komisch,plötzlich,komisch,1,,,,
1292,1292,plötzlich,war,plötzlich,3,,,,
1293,1293,war,die,war,21,,,,
1294,1294,die,Welt,die,23,,,,
1295,1295,Welt,wieder,welt,3,,,,
1296,1296,wieder,in,wieder,5,,,,
1297,1297,in,Ordnung,in,6,,,,
1298,1298,Ordnung,,ordnung,2,,,,
